﻿<?xml version="1.0" encoding="utf-8"?>
<pedestalApplicationPreferences>
	<displayPreferences>
		<appWinWidth>
			1024
		</appWinWidth>
		<appWinHeight>
			768
		</appWinHeight>
		<appIsMaximized>
			0
		</appIsMaximized>
		<appWinBPPColor>
			32
		</appWinBPPColor>
		<appWinBPPDepth>
			16
		</appWinBPPDepth>
		<appWinBPPAlpha>
			8
		</appWinBPPAlpha>
		<appWinBPPAccum>
			24
		</appWinBPPAccum>
	</displayPreferences>
	<fullScreenPreferences>
		<fsnMonitor1>
			<fsnWidth>
				1024
			</fsnWidth>
			<fsnHeight>
				768
			</fsnHeight>
		</fsnMonitor1>
		<fsnMonitor2>
			<fsnWidth>
				1024
			</fsnWidth>
			<fsnHeight>
				768
			</fsnHeight>
		</fsnMonitor2>
		<fsnMonitor3>
			<fsnWidth>
				1024
			</fsnWidth>
			<fsnHeight>
				768
			</fsnHeight>
		</fsnMonitor3>
		<fsnMonitor4>
			<fsnWidth>
				1024
			</fsnWidth>
			<fsnHeight>
				768
			</fsnHeight>
		</fsnMonitor4>
	</fullScreenPreferences>
	<stereoPreferences>
		<stoRenderingMethod>
			0
		</stoRenderingMethod>
		<stoSeparation>
			0.504000
		</stoSeparation>
		<stoAsymmetry>
			0.025000
		</stoAsymmetry>
		<stoSwapEyes>
			0
		</stoSwapEyes>
	</stereoPreferences>
</pedestalApplicationPreferences>
